{
  "signedContributors": [
    {
      "name": "jason-fox",
      "id": 3439249,
      "comment_id": 729067456,
      "created_at": "2020-11-17T17:06:35Z",
      "repoId": 102724150,
      "pullRequestNo": 178
    },
    {
      "name": "fisuda",
      "id": 31051904,
      "comment_id": 748457159,
      "created_at": "2020-12-19T10:52:42Z",
      "repoId": 102724150,
      "pullRequestNo": 183
    },
    {
      "name": "Siedlerchr",
      "id": 320228,
      "comment_id": 775178083,
      "created_at": "2021-02-08T14:13:22Z",
      "repoId": 102724150,
      "pullRequestNo": 168
    },
    {
      "name": "aarranz",
      "id": 841201,
      "comment_id": 780652534,
      "created_at": "2021-02-17T15:50:52Z",
      "repoId": 102724150,
      "pullRequestNo": 187
    },
    {
      "name": "flopezag",
      "id": 1379796,
      "comment_id": 793722673,
      "created_at": "2021-03-09T11:04:38Z",
      "repoId": 102724150,
      "pullRequestNo": 190
    },
    {
      "name": "SamuelTJackson",
      "id": 14303082,
      "comment_id": 801809429,
      "created_at": "2021-03-18T10:30:55Z",
      "repoId": 102724150,
      "pullRequestNo": 157
    },
    {
      "name": "dwendland",
      "id": 72455939,
      "comment_id": 918854776,
      "created_at": "2021-09-14T06:39:36Z",
      "repoId": 102724150,
      "pullRequestNo": 237
    },
    {
      "name": "frensing",
      "id": 61296674,
      "comment_id": 943369631,
      "created_at": "2021-10-14T13:40:56Z",
      "repoId": 102724150,
      "pullRequestNo": 243
    },
    {
      "name": "pra-kulk",
      "id": 92742142,
      "comment_id": 945900842,
      "created_at": "2021-10-18T15:35:13Z",
      "repoId": 102724150,
      "pullRequestNo": 241
    },
    {
      "name": "apozohue10",
      "id": 6638073,
      "comment_id": 1040295186,
      "created_at": "2022-02-15T13:47:37Z",
      "repoId": 102724150,
      "pullRequestNo": 264
    },
    {
      "name": "pierre-josselin",
      "id": 70814177,
      "comment_id": 1458335162,
      "created_at": "2023-03-07T15:07:45Z",
      "repoId": 102724150,
      "pullRequestNo": 324
    },
    {
      "name": "bramk",
      "id": 1006238,
      "comment_id": 1577492986,
      "created_at": "2023-06-05T21:19:05Z",
      "repoId": 102724150,
      "pullRequestNo": 330
    },
    {
      "name": "Jxlle",
      "id": 29973052,
      "comment_id": 1619812444,
      "created_at": "2023-07-04T08:45:29Z",
      "repoId": 102724150,
      "pullRequestNo": 335
    },
    {
      "name": "fdelavega",
      "id": 2911173,
      "comment_id": 1697671224,
      "created_at": "2023-08-29T15:28:36Z",
      "repoId": 102724150,
      "pullRequestNo": 344
    },
    {
      "name": "aafrecct",
      "id": 44411898,
      "comment_id": 1697787391,
      "created_at": "2023-08-29T16:32:51Z",
      "repoId": 102724150,
      "pullRequestNo": 344
    },
    {
      "name": "wistefan",
      "id": 24524518,
      "comment_id": 1725330469,
      "created_at": "2023-09-19T11:35:36Z",
      "repoId": 102724150,
      "pullRequestNo": 346
    }
  ]
}